{
  "minecraft:recipes/building_blocks/waxed_cut_copper_stairs_from_honeycomb": {
    "criteria": {
      "has_cut_copper_stairs": "2023-05-10 19:27:45 +0800",
      "has_the_recipe": "2023-05-10 19:27:45 +0800"
    },
    "done": true
  },
  "minecraft:recipes/building_blocks/weathered_cut_copper_stairs_from_weathered_copper_stonecutting": {
    "criteria": {
      "has_weathered_copper": "2023-05-10 19:27:45 +0800",
      "has_the_recipe": "2023-05-10 19:27:45 +0800"
    },
    "done": true
  },
  "minecraft:recipes/redstone/lever": {
    "criteria": {
      "has_cobblestone": "2023-05-10 19:27:45 +0800",
      "has_the_recipe": "2023-05-10 19:27:45 +0800"
    },
    "done": true
  },
  "minecraft:nether/obtain_crying_obsidian": {
    "criteria": {
      "crying_obsidian": "2023-05-10 19:27:45 +0800"
    },
    "done": true
  },
  "minecraft:recipes/redstone/acacia_button": {
    "criteria": {
      "has_the_recipe": "2023-05-10 19:27:45 +0800",
      "has_planks": "2023-05-10 19:27:45 +0800"
    },
    "done": true
  },
  "minecraft:recipes/combat/iron_sword": {
    "criteria": {
      "has_iron_ingot": "2023-05-10 19:22:34 +0800"
    },
    "done": true
  },
  "minecraft:recipes/decorations/brick_wall": {
    "criteria": {
      "has_bricks": "2023-05-10 19:27:45 +0800",
      "has_the_recipe": "2023-05-10 19:27:45 +0800"
    },
    "done": true
  },
  "minecraft:recipes/decorations/gray_glazed_terracotta": {
    "criteria": {
      "has_gray_terracotta": "2023-05-10 19:27:45 +0800",
      "has_the_recipe": "2023-05-10 19:27:45 +0800"
    },
    "done": true
  },
  "minecraft:recipes/misc/light_blue_dye_from_blue_orchid": {
    "criteria": {
      "has_blue_orchid": "2023-05-10 19:27:45 +0800",
      "has_the_recipe": "2023-05-10 19:27:45 +0800"
    },
    "done": true
  },
  "minecraft:recipes/misc/magenta_dye_from_lilac": {
    "criteria": {
      "has_lilac": "2023-05-10 19:27:45 +0800",
      "has_the_recipe": "2023-05-10 19:27:45 +0800"
    },
    "done": true
  },
  "minecraft:recipes/building_blocks/stone_bricks": {
    "criteria": {
      "has_stone": "2023-05-10 19:27:45 +0800",
      "has_the_recipe": "2023-05-10 19:27:45 +0800"
    },
    "done": true
  },
  "minecraft:recipes/redstone/observer": {
    "criteria": {
      "has_quartz": "2023-05-10 19:27:45 +0800",
      "has_the_recipe": "2023-05-10 19:27:45 +0800"
    },
    "done": true
  },
  "minecraft:recipes/building_blocks/polished_deepslate": {
    "criteria": {
      "has_cobbled_deepslate": "2023-05-10 19:27:45 +0800",
      "has_the_recipe": "2023-05-10 19:27:45 +0800"
    },
    "done": true
  },
  "minecraft:recipes/building_blocks/red_nether_brick_slab_from_red_nether_bricks_stonecutting": {
    "criteria": {
      "has_the_recipe": "2023-05-10 19:27:45 +0800",
      "has_red_nether_bricks": "2023-05-10 19:27:45 +0800"
    },
    "done": true
  },
  "minecraft:recipes/building_blocks/exposed_cut_copper_stairs": {
    "criteria": {
      "has_the_recipe": "2023-05-10 19:27:45 +0800",
      "has_exposed_cut_copper": "2023-05-10 19:27:45 +0800"
    },
    "done": true
  },
  "minecraft:recipes/misc/light_gray_dye_from_white_tulip": {
    "criteria": {
      "has_white_tulip": "2023-05-10 19:27:45 +0800",
      "has_the_recipe": "2023-05-10 19:27:45 +0800"
    },
    "done": true
  },
  "minecraft:recipes/building_blocks/lime_concrete_powder": {
    "criteria": {
      "has_sand": "2023-05-10 19:27:45 +0800",
      "has_the_recipe": "2023-05-10 19:27:45 +0800",
      "has_gravel": "2023-05-10 19:27:45 +0800"
    },
    "done": true
  },
  "minecraft:recipes/tools/iron_pickaxe": {
    "criteria": {
      "has_iron_ingot": "2023-05-10 19:22:34 +0800"
    },
    "done": true
  },
  "minecraft:recipes/combat/leather_helmet": {
    "criteria": {
      "has_leather": "2023-05-10 19:27:45 +0800",
      "has_the_recipe": "2023-05-10 19:27:45 +0800"
    },
    "done": true
  },
  "minecraft:recipes/building_blocks/polished_blackstone_brick_slab": {
    "criteria": {
      "has_polished_blackstone_bricks": "2023-05-10 19:27:45 +0800",
      "has_the_recipe": "2023-05-10 19:27:45 +0800"
    },
    "done": true
  },
  "minecraft:recipes/building_blocks/magenta_wool": {
    "criteria": {
      "has_white_wool": "2023-05-08 12:27:29 +0800"
    },
    "done": true
  },
  "minecraft:recipes/building_blocks/polished_granite_stairs": {
    "criteria": {
      "has_polished_granite": "2023-05-10 19:27:45 +0800",
      "has_the_recipe": "2023-05-10 19:27:45 +0800"
    },
    "done": true
  },
  "minecraft:recipes/building_blocks/copper_block": {
    "criteria": {
      "has_the_recipe": "2023-05-10 19:27:45 +0800",
      "has_copper_ingot": "2023-05-10 19:27:45 +0800"
    },
    "done": true
  },
  "minecraft:recipes/misc/melon_seeds": {
    "criteria": {
      "has_melon": "2023-05-10 19:27:45 +0800",
      "has_the_recipe": "2023-05-10 19:27:45 +0800"
    },
    "done": true
  },
  "minecraft:recipes/building_blocks/magma_block": {
    "criteria": {
      "has_magma_cream": "2023-05-10 19:27:45 +0800",
      "has_the_recipe": "2023-05-10 19:27:45 +0800"
    },
    "done": true
  },
  "minecraft:recipes/decorations/blast_furnace": {
    "criteria": {
      "has_smooth_stone": "2023-05-10 19:27:45 +0800",
      "has_the_recipe": "2023-05-10 19:27:45 +0800"
    },
    "done": true
  },
  "minecraft:recipes/decorations/ladder": {
    "criteria": {
      "has_stick": "2023-05-10 19:27:45 +0800",
      "has_the_recipe": "2023-05-10 19:27:45 +0800"
    },
    "done": true
  },
  "minecraft:recipes/building_blocks/dark_oak_slab": {
    "criteria": {
      "has_the_recipe": "2023-05-10 19:27:45 +0800",
      "has_planks": "2023-05-10 19:27:45 +0800"
    },
    "done": true
  },
  "minecraft:recipes/building_blocks/dark_prismarine_stairs_from_dark_prismarine_stonecutting": {
    "criteria": {
      "has_dark_prismarine": "2023-05-10 19:27:45 +0800",
      "has_the_recipe": "2023-05-10 19:27:45 +0800"
    },
    "done": true
  },
  "minecraft:recipes/decorations/red_nether_brick_wall": {
    "criteria": {
      "has_the_recipe": "2023-05-10 19:27:45 +0800",
      "has_red_nether_bricks": "2023-05-10 19:27:45 +0800"
    },
    "done": true
  },
  "minecraft:recipes/decorations/magenta_stained_glass_pane": {
    "criteria": {
      "has_glass": "2023-05-10 19:27:45 +0800",
      "has_the_recipe": "2023-05-10 19:27:45 +0800"
    },
    "done": true
  },
  "minecraft:recipes/redstone/spruce_button": {
    "criteria": {
      "has_planks": "2023-05-08 12:13:28 +0800"
    },
    "done": true
  },
  "minecraft:recipes/decorations/torch": {
    "criteria": {
      "has_stone_pickaxe": "2023-05-10 19:27:45 +0800",
      "has_the_recipe": "2023-05-10 19:27:45 +0800"
    },
    "done": true
  },
  "minecraft:recipes/building_blocks/waxed_weathered_cut_copper_stairs_from_waxed_weathered_cut_copper_stonecutting": {
    "criteria": {
      "has_waxed_weathered_cut_copper": "2023-05-10 19:27:45 +0800",
      "has_the_recipe": "2023-05-10 19:27:45 +0800"
    },
    "done": true
  },
  "minecraft:recipes/decorations/black_carpet_from_white_carpet": {
    "criteria": {
      "has_white_carpet": "2023-05-10 19:22:38 +0800"
    },
    "done": true
  },
  "minecraft:recipes/building_blocks/smooth_red_sandstone_stairs_from_smooth_red_sandstone_stonecutting": {
    "criteria": {
      "has_smooth_red_sandstone": "2023-05-10 19:27:45 +0800",
      "has_the_recipe": "2023-05-10 19:27:45 +0800"
    },
    "done": true
  },
  "minecraft:recipes/misc/popped_chorus_fruit": {
    "criteria": {
      "has_chorus_fruit": "2023-05-10 19:27:45 +0800",
      "has_the_recipe": "2023-05-10 19:27:45 +0800"
    },
    "done": true
  },
  "minecraft:nether/distract_piglin": {
    "criteria": {
      "distract_piglin": "2023-05-10 19:27:45 +0800",
      "distract_piglin_directly": "2023-05-10 19:27:45 +0800"
    },
    "done": true
  },
  "minecraft:recipes/building_blocks/stone_brick_slab_from_stone_stonecutting": {
    "criteria": {
      "has_stone": "2023-05-10 19:27:45 +0800",
      "has_the_recipe": "2023-05-10 19:27:45 +0800"
    },
    "done": true
  },
  "minecraft:recipes/misc/flower_banner_pattern": {
    "criteria": {
      "has_oxeye_daisy": "2023-05-10 19:27:45 +0800",
      "has_the_recipe": "2023-05-10 19:27:45 +0800"
    },
    "done": true
  },
  "minecraft:recipes/building_blocks/smooth_sandstone_stairs_from_smooth_sandstone_stonecutting": {
    "criteria": {
      "has_smooth_sandstone": "2023-05-10 19:27:45 +0800",
      "has_the_recipe": "2023-05-10 19:27:45 +0800"
    },
    "done": true
  },
  "minecraft:recipes/building_blocks/lime_terracotta": {
    "criteria": {
      "has_terracotta": "2023-05-10 19:27:45 +0800",
      "has_the_recipe": "2023-05-10 19:27:45 +0800"
    },
    "done": true
  },
  "minecraft:recipes/building_blocks/smooth_quartz_slab_from_smooth_quartz_stonecutting": {
    "criteria": {
      "has_smooth_quartz": "2023-05-10 19:27:45 +0800",
      "has_the_recipe": "2023-05-10 19:27:45 +0800"
    },
    "done": true
  },
  "minecraft:recipes/building_blocks/waxed_exposed_cut_copper_stairs_from_honeycomb": {
    "criteria": {
      "has_exposed_cut_copper_stairs": "2023-05-10 19:27:45 +0800",
      "has_the_recipe": "2023-05-10 19:27:45 +0800"
    },
    "done": true
  },
  "minecraft:recipes/building_blocks/dark_oak_planks": {
    "criteria": {
      "has_log": "2023-05-10 19:27:45 +0800",
      "has_the_recipe": "2023-05-10 19:27:45 +0800"
    },
    "done": true
  },
  "minecraft:recipes/food/cake": {
    "criteria": {
      "has_the_recipe": "2023-05-10 19:27:45 +0800",
      "has_egg": "2023-05-10 19:27:45 +0800"
    },
    "done": true
  },
  "minecraft:recipes/transportation/detector_rail": {
    "criteria": {
      "has_rail": "2023-05-10 19:27:45 +0800",
      "has_the_recipe": "2023-05-10 19:27:45 +0800"
    },
    "done": true
  },
  "minecraft:recipes/combat/iron_leggings": {
    "criteria": {
      "has_iron_ingot": "2023-05-10 19:22:34 +0800"
    },
    "done": true
  },
  "minecraft:recipes/building_blocks/sandstone_stairs": {
    "criteria": {
      "has_chiseled_sandstone": "2023-05-10 19:27:45 +0800",
      "has_sandstone": "2023-05-10 19:27:45 +0800",
      "has_the_recipe": "2023-05-10 19:27:45 +0800",
      "has_cut_sandstone": "2023-05-10 19:27:45 +0800"
    },
    "done": true
  },
  "minecraft:recipes/redstone/dark_oak_door": {
    "criteria": {
      "has_the_recipe": "2023-05-10 19:27:45 +0800",
      "has_planks": "2023-05-10 19:27:45 +0800"
    },
    "done": true
  },
  "minecraft:recipes/building_blocks/light_gray_terracotta": {
    "criteria": {
      "has_terracotta": "2023-05-10 19:27:45 +0800",
      "has_the_recipe": "2023-05-10 19:27:45 +0800"
    },
    "done": true
  },
  "minecraft:recipes/combat/shield": {
    "criteria": {
      "has_iron_ingot": "2023-05-10 19:22:34 +0800"
    },
    "done": true
  },
  "minecraft:recipes/decorations/brown_banner": {
    "criteria": {
      "has_brown_wool": "2023-05-10 19:27:45 +0800",
      "has_the_recipe": "2023-05-10 19:27:45 +0800"
    },
    "done": true
  },
  "minecraft:recipes/misc/coal_from_smelting_deepslate_coal_ore": {
    "criteria": {
      "has_deepslate_coal_ore": "2023-05-10 19:27:45 +0800",
      "has_the_recipe": "2023-05-10 19:27:45 +0800"
    },
    "done": true
  },
  "minecraft:recipes/building_blocks/red_sandstone_stairs": {
    "criteria": {
      "has_red_sandstone": "2023-05-10 19:27:45 +0800",
      "has_cut_red_sandstone": "2023-05-10 19:27:45 +0800",
      "has_chiseled_red_sandstone": "2023-05-10 19:27:45 +0800",
      "has_the_recipe": "2023-05-10 19:27:45 +0800"
    },
    "done": true
  },
  "minecraft:recipes/decorations/gray_bed": {
    "criteria": {
      "has_gray_wool": "2023-05-10 19:27:45 +0800",
      "has_the_recipe": "2023-05-10 19:27:45 +0800"
    },
    "done": true
  },
  "minecraft:recipes/food/dried_kelp_from_smoking": {
    "criteria": {
      "has_kelp": "2023-05-10 19:27:45 +0800",
      "has_the_recipe": "2023-05-10 19:27:45 +0800"
    },
    "done": true
  },
  "minecraft:recipes/redstone/hopper": {
    "criteria": {
      "has_iron_ingot": "2023-05-10 19:22:34 +0800"
    },
    "done": true
  },
  "minecraft:recipes/misc/emerald_from_smelting_emerald_ore": {
    "criteria": {
      "has_emerald_ore": "2023-05-10 19:27:45 +0800",
      "has_the_recipe": "2023-05-10 19:27:45 +0800"
    },
    "done": true
  },
  "minecraft:recipes/building_blocks/coarse_dirt": {
    "criteria": {
      "has_the_recipe": "2023-05-10 19:27:45 +0800",
      "has_gravel": "2023-05-10 19:27:45 +0800"
    },
    "done": true
  },
  "minecraft:recipes/building_blocks/deepslate_brick_slab_from_polished_deepslate_stonecutting": {
    "criteria": {
      "has_polished_deepslate": "2023-05-10 19:27:45 +0800",
      "has_the_recipe": "2023-05-10 19:27:45 +0800"
    },
    "done": true
  },
  "minecraft:recipes/building_blocks/waxed_weathered_cut_copper_slab_from_waxed_weathered_cut_copper_stonecutting": {
    "criteria": {
      "has_waxed_weathered_cut_copper": "2023-05-10 19:27:45 +0800",
      "has_the_recipe": "2023-05-10 19:27:45 +0800"
    },
    "done": true
  },
  "minecraft:recipes/building_blocks/deepslate_tile_stairs_from_cobbled_deepslate_stonecutting": {
    "criteria": {
      "has_cobbled_deepslate": "2023-05-10 19:27:45 +0800",
      "has_the_recipe": "2023-05-10 19:27:45 +0800"
    },
    "done": true
  },
  "minecraft:recipes/building_blocks/light_gray_concrete_powder": {
    "criteria": {
      "has_sand": "2023-05-10 19:27:45 +0800",
      "has_the_recipe": "2023-05-10 19:27:45 +0800",
      "has_gravel": "2023-05-10 19:27:45 +0800"
    },
    "done": true
  },
  "minecraft:recipes/building_blocks/waxed_oxidized_cut_copper_from_waxed_oxidized_copper_stonecutting": {
    "criteria": {
      "has_waxed_oxidized_copper": "2023-05-10 19:27:45 +0800",
      "has_the_recipe": "2023-05-10 19:27:45 +0800"
    },
    "done": true
  },
  "minecraft:recipes/decorations/magenta_carpet": {
    "criteria": {
      "has_magenta_wool": "2023-05-10 19:27:45 +0800",
      "has_the_recipe": "2023-05-10 19:27:45 +0800"
    },
    "done": true
  },
  "minecraft:recipes/misc/creeper_banner_pattern": {
    "criteria": {
      "has_creeper_head": "2023-05-10 19:27:45 +0800",
      "has_the_recipe": "2023-05-10 19:27:45 +0800"
    },
    "done": true
  },
  "minecraft:recipes/building_blocks/oxidized_cut_copper_stairs_from_oxidized_copper_stonecutting": {
    "criteria": {
      "has_oxidized_copper": "2023-05-10 19:27:45 +0800",
      "has_the_recipe": "2023-05-10 19:27:45 +0800"
    },
    "done": true
  },
  "minecraft:recipes/misc/lime_dye": {
    "criteria": {
      "has_green_dye": "2023-05-10 19:27:45 +0800",
      "has_white_dye": "2023-05-10 19:27:45 +0800",
      "has_the_recipe": "2023-05-10 19:27:45 +0800"
    },
    "done": true
  },
  "minecraft:recipes/building_blocks/end_stone_brick_stairs_from_end_stone_brick_stonecutting": {
    "criteria": {
      "has_end_stone_brick": "2023-05-10 19:27:45 +0800",
      "has_the_recipe": "2023-05-10 19:27:45 +0800"
    },
    "done": true
  },
  "minecraft:recipes/misc/gold_ingot_from_smelting_raw_gold": {
    "criteria": {
      "has_raw_gold": "2023-05-10 19:27:45 +0800",
      "has_the_recipe": "2023-05-10 19:27:45 +0800"
    },
    "done": true
  },
  "minecraft:recipes/misc/lapis_lazuli_from_smelting_deepslate_lapis_ore": {
    "criteria": {
      "has_deepslate_lapis_ore": "2023-05-10 19:27:45 +0800",
      "has_the_recipe": "2023-05-10 19:27:45 +0800"
    },
    "done": true
  },
  "minecraft:recipes/combat/leather_leggings": {
    "criteria": {
      "has_leather": "2023-05-10 19:27:45 +0800",
      "has_the_recipe": "2023-05-10 19:27:45 +0800"
    },
    "done": true
  },
  "minecraft:recipes/building_blocks/pink_concrete_powder": {
    "criteria": {
      "has_sand": "2023-05-10 19:27:45 +0800",
      "has_the_recipe": "2023-05-10 19:27:45 +0800",
      "has_gravel": "2023-05-10 19:27:45 +0800"
    },
    "done": true
  },
  "minecraft:recipes/building_blocks/sandstone_slab": {
    "criteria": {
      "has_chiseled_sandstone": "2023-05-10 19:27:45 +0800",
      "has_sandstone": "2023-05-10 19:27:45 +0800",
      "has_the_recipe": "2023-05-10 19:27:45 +0800"
    },
    "done": true
  },
  "minecraft:recipes/building_blocks/smooth_basalt": {
    "criteria": {
      