{"stats":{"minecraft:picked_up":{"yuushya:vine":2,"yuushya:lower_grass":1,"minecraft:lily_pad":8},"minecraft:dropped":{"minecraft:grass_block":1,"yuushya:tree_base":1,"yuushya:marble_bricks_0":128,"minecraft:yellow_wool":1,"yuushya:a_cyan_blindwall":2,"yuushya:sign_2":64,"yuushya:mounted_fern":64,"yuushya:vine":1},"minecraft:custom":{"minecraft:leave_game":4,"minecraft:time_since_death":296360,"minecraft:walk_one_cm":146970,"minecraft:sprint_one_cm":209145,"minecraft:drop":10,"minecraft:play_time":296360,"minecraft:sneak_time":5499,"minecraft:walk_under_water_one_cm":11869,"minecraft:jump":2058,"minecraft:walk_on_water_one_cm":5524,"minecraft:total_world_time":349633,"minecraft:time_since_rest":296360,"minecraft:swim_one_cm":2654,"minecraft:fly_one_cm":2682330,"minecraft:crouch_one_cm":3051},"minecraft:used":{"yuushya:half_side_slab_bricks":21,"yuushya:half_slab_smooth_stonetile":17,"yuushya:package_1":5,"minecraft:iron_bars":9,"yuushya:oak_tree":8,"yuushya:fire_hydrant":3,"yuushya:hanger_rod_rail":6,"yuushya:rusty_ventilator":3,"yuushya:white_worn_concrete":47,"yuushya:gold_vase":2,"yuushya:iron_burglar_mesh":15,"yuushya:calendar":4,"yuushya:big_oak_plank":3,"yuushya:recycle_bin_2":1,"yuushya:uncovered_shelf_raw_spruce_wood":1,"yuushya:big_package":4,"yuushya:blue_tile_lower":1,"yuushya:lower_grass":5,"minecraft:stripped_jungle_wood":30,"yuushya:scroll_door_1":23,"yuushya:recycle_bin_1":1,"yuushya:recycle_bin_3":1,"yuushya:goods_shelf_jam":4,"yuushya:pipe_vertical":12,"yuushya:big_sakura":6,"yuushya:steel_structure_big_vertical":5,"yuushya:stairs_smooth_stonetile":22,"yuushya:recycle_bin_0":2,"yuushya:lengthened_rain_shed_8":9,"minecraft:dirt":7,"yuushya:sign_13":2,"yuushya:surveillance_camera":1,"yuushya:sign_15":1,"yuushya:modern_lamp_2":4,"yuushya:potted_sprout":2,"yuushya:get_showblock_item":6,"yuushya:ventilator":4,"yuushya:hanged_clothes":2,"yuushya:grille_0":1,"yuushya:a_jungle_blindwall":7,"yuushya:park_tile":67,"yuushya:average_oak_leaves":3,"yuushya:horizontal_utility_pole":9,"yuushya:lengthened_rain_shed_6":11,"minecraft:light_gray_glazed_terracotta":31,"yuushya:white_windows_2":28,"yuushya:meshed_air_conditioning_condenser":3,"yuushya:tree_base":5,"yuushya:raw_jungle_vertical_drawer":6,"yuushya:half_side_slab_pale_bricks_2":65,"yuushya:album":2,"yuushya:vine":15,"yuushya:white_windows_diagonal":4,"yuushya:painting_9":1,"yuushya:rusty_air_conditioning_condenser":1,"yuushya:pipe_horizontal":6,"yuushya:oak_windows_0":10,"yuushya:blue_metal":15,"yuushya:coconut":4,"yuushya:carpet_13":4,"yuushya:a_dark_oak_blindwall":1,"minecraft:bricks":51,"yuushya:mounted_fern_pot_raw_acacia_wood":18,"yuushya:oak_foldable_table":12,"minecraft:lantern":1,"minecraft:grass_block":43,"yuushya:raw_spruce_drawer":1,"yuushya:a_cyan_blindwall":71,"yuushya:potted_sapling":1,"yuushya:sign_5":2,"yuushya:sign_2":2,"yuushya:potted_cactus":1,"yuushya:completely_broken_list":49,"yuushya:british_shorthair":7,"yuushya:stone_pier":8,"yuushya:classroom_desk":2,"yuushya:iron_fence":33,"yuushya:potted_sunflower":1,"minecraft:stone_brick_stairs":4,"yuushya:sideway_road_fence":4,"yuushya:sign_14":3,"yuushya:b_cyan_blindwall":8,"yuushya:rain_shed_6":4,"yuushya:column_white_concrete":1,"yuushya:mounted_album":4,"yuushya:vinyl_record_player":1,"minecraft:light_gray_wool":16,"yuushya:ventilator_outer_part":3,"yuushya:blue_tile_upper":3,"yuushya:air_conditioner_floor":1,"yuushya:marble_bricks_0":69,"yuushya:painter_gift_box":1,"yuushya:hanged_things":1,"yuushya:potted_maple_sprout":3,"yuushya:stone_table":1,"yuushya:big_oak_leaves":25,"yuushya:truck_chassis_outer":8,"yuushya:pipe_corner_bottom_right":5,"yuushya:mop":1,"yuushya:white_tulip":4,"yuushya:pipe_corner_top_right":8,"yuushya:form_trans_item":32,"yuushya:side_slab_light_gray_concrete":35,"yuushya:average_sakura":12,"yuushya:rusty_ventilator_outer_part":3,"yuushya:stairs_pale_bricks_2":19,"yuushya:lengthened_rain_shed_7":6,"yuushya:broken_list":17,"yuushya:unboxed_package":1,"yuushya:vending_machine_blue_v":2,"yuushya:cream_worn_concrete":4,"yuushya:hollow_stairs_raw_jungle_wood":14,"yuushya:couch":5,"yuushya:light_gray_worn_concrete":63,"yuushya:tv_online":2,"yuushya:pingpong_paddles":1,"yuushya:potted_jungle_sprout":4,"yuushya:lime__concrete":33,"yuushya:ridge_red_concrete":3,"yuushya:half_side_slab_light_gray_concrete":16,"minecraft:jungle_fence":14,"yuushya:dark_tile_with_ridge_upper":3,"yuushya:b_jungle_blindwall":27,"yuushya:gaming_chair":1,"yuushya:large_vine":27,"yuushya:road_fence":2,"yuushya:pigment_bucket":2,"yuushya:iron_hollow_stairs_1":11,"yuushya:ridge_light_gray_concrete":7,"yuushya:marble_cobblestone":41,"yuushya:evergreen":8,"yuushya:platform_white_concrete":2,"yuushya:cushion_armchair_decorative_white_wool":3,"yuushya:pos_trans_item":49,"yuushya:water_stain_bottom":3,"yuushya:idol_gift_box":1,"yuushya:air_conditioning_condenser":34,"yuushya:satellite_dish":2,"yuushya:businessman_gift_box":1,"yuushya:light_gray_concrete_top":11,"yuushya:carpet_4":2,"yuushya:chalk_box":1,"yuushya:painting_3":1,"minecraft:cake":4,"yuushya:tiles_fix_lower":3,"yuushya:retaining_wall_top":2,"yuushya:tabby":3,"yuushya:tall_iron_fence_stairs_sym":1,"yuushya:blooming_evergreen":1,"yuushya:white_windows_1":27,"yuushya:white_windows_0":7,"yuushya:pale_bricks_0":152,"yuushya:dark_tile_with_ridge_lower":4,"yuushya:mounted_pipe_horizontal":1,"yuushya:tall_iron_fence_right":14,"yuushya:oak_windows_1":3,"yuushya:bench_raw_oak_wood":4,"yuushya:tall_iron_fence_stairs":4,"yuushya:potted_bush":2,"yuushya:trunk_1":1,"yuushya:jungle_framed_planks":11,"yuushya:rusty_power_house":1,"yuushya:potted_tall_oak":6,"minecraft:light_gray_concrete":37,"yuushya:power_distributor":3,"yuushya:order_list":21,"yuushya:tall_iron_fence_left":11,"yuushya:mounted_pipe_vertical":16,"minecraft:barrier":9,"yuushya:oak_windows_2":1,"yuushya:wore_stone":7,"yuushya:street_light":4,"yuushya:mounted_bush":2,"yuushya:stairs_marble_bricks_0":10,"yuushya:books":1,"yuushya:hanger_rod_anchor":2,"yuushya:potted_evergreen":4,"yuushya:fern":7,"yuushya:tall_iron_fence_middle_support":1,"yuushya:cluster_sakura":2,"yuushya:white_blooming_oak_tree":10,"yuushya:jack":3,"yuushya:goods_shelf_paste":8,"yuushya:oak_windows_diagonal":4,"yuushya:half_side_slab":27,"yuushya:frame_bottom_light_gray_concrete":11,"yuushya:reinforced_concrete":1,"yuushya:goth_lantern":1,"yuushya:truck_chassis_basic":17,"yuushya:smooth_stonetile":19,"yuushya:pink_blooming_oak_tree":1,"yuushya:potted_bamboo":3,"minecraft:smooth_stone":1,"yuushya:porcelain_vase":1,"yuushya:steel_structure_vertical":2,"yuushya:sign_23":1,"yuushya:embbed_pale_bricks":45}},"DataVersion":2975}