{"stats":{"minecraft:used":{"yuushya:utility_pole":29,"yuushya:package_1":4,"yuushya:potted_fern":3,"yuushya:traffic_sign_9":1,"yuushya:slab_pale_bricks_1":3,"yuushya:spiral_razor_wire":1,"yuushya:painting_11":6,"yuushya:bench_raw_acacia_wood":8,"yuushya:fire_hydrant":4,"yuushya:shelf_raw_jungle_wood":4,"yuushya:black_cat":3,"yuushya:gold_vase":1,"yuushya:white_worn_concrete":320,"yuushya:a_light_gray_blindwall":92,"yuushya:frame_top_white_concrete":8,"yuushya:painting_10":1,"minecraft:stone":2,"yuushya:acacia_tall_door":4,"yuushya:fire_extinguisher":3,"yuushya:pipe_vertical":5,"minecraft:quartz_stairs":8,"yuushya:platform_light_gray_concrete":12,"yuushya:stairs_smooth_stonetile":10,"yuushya:lengthened_rain_shed_8":8,"yuushya:plain_gift_box":3,"yuushya:bench":19,"yuushya:oak_tall_door":6,"yuushya:surveillance_camera":1,"yuushya:basket":1,"yuushya:get_showblock_item":114,"yuushya:cook_gift_box":1,"yuushya:raw_acacia_table":1,"minecraft:jungle_planks":11,"yuushya:park_tile":129,"yuushya:road_light":10,"yuushya:embbed_magenta_pale_bricks":60,"yuushya:oxeye_daisy":1,"yuushya:average_oak_leaves":13,"yuushya:drainage_channel_":2,"yuushya:hanging_gold_tulip":1,"yuushya:half_carved_retaining_wall_1":21,"yuushya:piled_magazine":2,"yuushya:decoration_bookshelf_raw_jungle_wood":14,"yuushya:mink_worn_concrete":25,"yuushya:radish":1,"yuushya:black_windows_1":8,"yuushya:tree_base":13,"yuushya:sign_22":1,"yuushya:white_windows_diagonal":7,"yuushya:hood":3,"yuushya:album":4,"yuushya:vine":36,"yuushya:burglar_mesh":6,"yuushya:oak_windows_0":5,"yuushya:half_slab_smooth_sandtile":29,"yuushya:coconut":2,"yuushya:steel_pot":2,"yuushya:soot_pipe":1,"yuushya:truck_chassis_wheel":5,"yuushya:clothes_showcase":4,"yuushya:bicycle_yellow_concrete":2,"yuushya:potted_cornflower":6,"yuushya:column_smooth_stonetile":16,"minecraft:grass_block":36,"yuushya:top_vine":1,"yuushya:sign_5":1,"yuushya:pc_case":1,"yuushya:potted_sapling":1,"yuushya:familymart_acrylic_top":4,"yuushya:platform":8,"yuushya:potted_cactus":4,"yuushya:hollow_stairs":6,"yuushya:stone_pier":10,"yuushya:tissue":3,"yuushya:iron_fence":6,"yuushya:sideway_road_fence":14,"yuushya:ashtray":2,"yuushya:vinyl_record_player":1,"minecraft:birch_trapdoor":4,"yuushya:decorated_refrigerator":2,"yuushya:packed_apple":1,"yuushya:monitor_with_tablet":2,"yuushya:marble_bricks_0":23,"yuushya:truck_wheel_":2,"yuushya:bottles":3,"yuushya:truck_wheels":4,"yuushya:get_blockstate_item":9,"yuushya:hanged_things":2,"yuushya:sorted_mug":2,"yuushya:round_clock":1,"yuushya:raw_oak_drawer":5,"yuushya:potted_oak_sprout":1,"yuushya:ragdoll":1,"yuushya:small_chopping_board":1,"yuushya:form_trans_item":11,"yuushya:carpet_14":5,"yuushya:pale_tile_ridge_upper":3,"yuushya:asphalt":24,"yuushya:broken_list":15,"yuushya:sign_25":4,"yuushya:marble":4,"yuushya:unboxed_package":1,"yuushya:black_windows_0":4,"yuushya:post":6,"yuushya:potted_lycoris":10,"yuushya:pressure_cooker":2,"yuushya:mounted_clothes_3":4,"minecraft:mossy_stone_bricks":3,"yuushya:couch":9,"yuushya:frame_top_light_gray_concrete":88,"yuushya:half_slab":10,"yuushya:sink":2,"yuushya:mounted_mirror":1,"yuushya:electric_motorcycle":1,"yuushya:menu":1,"yuushya:stairs_lime_concrete":2,"yuushya:light_gray_worn_concrete":88,"yuushya:carpet_1":1,"yuushya:slab":4,"yuushya:a_oak_blindwall":36,"yuushya:potted_jungle_sprout":4,"yuushya:mounted_sakura_sprout":1,"minecraft:jungle_fence":2,"yuushya:move_transformdata_item":6,"yuushya:mounted_clothes_1":3,"yuushya:smooth_sandtile":318,"yuushya:mounted_clothes_2":1,"yuushya:horizontal_column_raw_oak_wood":4,"yuushya:gaming_chair":2,"yuushya:large_vine":42,"yuushya:gray_windows_2":16,"yuushya:pigment_bucket":2,"yuushya:half_carved_retaining_wall_top_0":4,"yuushya:traffic_lights_4":2,"yuushya:grass":48,"yuushya:jungle_tall_door":17,"yuushya:traffic_lights_3":3,"yuushya:roof_ridge_2":14,"yuushya:decoration_bookshelf":2,"yuushya:small_vine":4,"yuushya:slab_smooth_sandtile":77,"minecraft:white_wool":2,"yuushya:carpet_6":5,"yuushya:calico":2,"yuushya:pole":3,"yuushya:uncovered_shelf_raw_birch_wood":1,"yuushya:frying_pan":4,"yuushya:crash_barrel":1,"yuushya:white_windows_open_1":6,"yuushya:half_hollow_retaining_wall_top_0":8,"yuushya:truck_chassis_end":1,"yuushya:rot_trans_item":55,"yuushya:microwaver":2,"yuushya:toilet":1,"yuushya:mug":9,"yuushya:fish_tank_a_middle":10,"yuushya:lime_concrete_top":36,"yuushya:half_side_slab_lime_concrete":14,"yuushya:pale_bricks_0":35,"yuushya:white_windows_0":29,"yuushya:white_windows_1":43,"yuushya:tabby":2,"yuushya:inner_bed_7":1,"yuushya:shampoo":2,"yuushya:sign_4":2,"yuushya:gray_wall":19,"yuushya:carpet_12":1,"yuushya:half_slab_dark_square_bricks":31,"yuushya:rusty_power_house":6,"yuushya:potted_tall_oak":6,"yuushya:power_distributor":1,"minecraft:light_gray_concrete":18,"yuushya:order_list":2,"yuushya:tall_iron_fence_left":25,"yuushya:display_cabinet":3,"yuushya:soot_pipe_top":1,"yuushya:fish_tank_a_top":10,"yuushya:gardener_gift_box":2,"yuushya:wore_stone":2,"yuushya:frame_left":8,"yuushya:sign_12":3,"yuushya:acacia_table":3,"yuushya:lime_framed_acrylic":45,"yuushya:fern":6,"yuushya:raw_bamboo_drawer":1,"yuushya:decorative_black_wool":3,"yuushya:cushion_armchair":2,"yuushya:oak_table":8,"yuushya:goods_shelf_paste":1,"yuushya:b_oak_blindwall":16,"yuushya:ceiling_hanger_rod_anchor":7,"yuushya:reinforced_concrete":27,"yuushya:modern_lamp_1":17,"minecraft:chain":18,"yuushya:hanging_plant_pot_rope":4,"yuushya:carver_gift_box":2,"yuushya:goods_shelf_frying_pan":1,"yuushya:sorted_magazine":4,"minecraft:white_concrete":89,"yuushya:potted_yuuca":3,"yuushya:smooth_stonetile":153,"yuushya:sorted_bottle":2,"yuushya:falling_oak_spawner":4,"minecraft:cobweb":3,"yuushya:slippers":5,"yuushya:embbed_pale_bricks":106,"yuushya:half_slab_smooth_stonetile":2,"minecraft:oak_fence":4,"yuushya:b_metal_blindwall_1":1,"yuushya:white_curtain":33,"yuushya:b_white_blindwall":10,"yuushya:oak_tree":24,"yuushya:retaining_wall":24,"yuushya:toilet_water_tank":3,"yuushya:modern_lamp_0":1,"yuushya:goods_shelf_glass":1,"yuushya:iron_burglar_mesh":37,"yuushya:car_yellow_part_b":2,"yuushya:gas_stove":1,"yuushya:iron_tall_door":5,"yuushya:big_package":9,"yuushya:potted_blue_orchid":2,"yuushya:car_yellow_part_a":2,"yuushya:scroll_door_1":36,"yuushya:recycle_bin_1":7,"yuushya:lower_grass":7,"yuushya:closet_handle_left":2,"yuushya:goods_shelf_jam":1,"yuushya:decorative_white_wool":1,"yuushya:raw_birch_table":2,"yuushya:bicycle_lime_concrete":4,"yuushya:birch_framed_raw_wood_b":3,"yuushya:pale_bricks_3":2,"yuushya:mop_bucket":1,"minecraft:dirt":22,"yuushya:sign_13":2,"yuushya:bookshelf":6,"yuushya:modern_lamp_2":29,"yuushya:hanger_rod":1,"yuushya:potted_sprout":3,"yuushya:a_jungle_blindwall":88,"yuushya:grille_0":1,"yuushya:raw_oak_vertical_drawer":3,"yuushya:hanging_clothes_staff":4,"yuushya:pale_bricks_1":325,"yuushya:white_windows_2":30,"yuushya:potted_tall_maple":3,"minecraft:jungle_trapdoor":1,"minecraft:spruce_fence":4,"yuushya:meshed_air_conditioning_condenser":20,"yuushya:bookshelf_raw_jungle_wood":30,"yuushya:b_light_gray_blindwall":79,"yuushya:raw_jungle_vertical_drawer":8,"yuushya:half_side_slab_pale_bricks_2":244,"yuushya:hanging_sakura_sprout":1,"yuushya:globe":2,"yuushya:carpet_9":2,"yuushya:desk_lamp_1":1,"yuushya:painting_9":1,"yuushya:bed_frame_1":3,"yuushya:painting_8":1,"yuushya:gas_stove_block":2,"yuushya:tall_safe":6,"yuushya:oak_foldable_table":5,"yuushya:deployed_utility_service_drop":13,"yuushya:stairs":56,"yuushya:mossy_bricks":16,"yuushya:hanging_red_tulip":7,"yuushya:cluster_oak_leaves":4,"yuushya:gray_windows_0":8,"yuushya:bicycle_stop":4,"yuushya:basket_blue_concrete":3,"yuushya:completely_broken_list":32,"yuushya:raw_birch_vertical_drawer":8,"yuushya:plate_shelf":3,"yuushya:frame_right":1,"yuushya:round_clock_raw_jungle_wood":6,"yuushya:sign_14":3,"yuushya:potted_sunflower":7,"yuushya:frame_bottom_white_concrete":8,"yuushya:beverage_drawer_sym":3,"yuushya:birch_framed_raw_wood_a":5,"yuushya:a_metal_blindwall_1":60,"minecraft:lime_concrete":54,"minecraft:iron_trapdoor":2,"yuushya:a_bamboo_blindwall":78,"yuushya:stone_table":1,"yuushya:big_oak_leaves":17,"yuushya:grille_1":2,"yuushya:truck_chassis_outer":31,"yuushya:lesser_fallen_leaves":7,"yuushya:white_tulip":4,"yuushya:horizontal_column":10,"yuushya:mop":2,"yuushya:small_coffee":6,"yuushya:call_bell":3,"yuushya:birch_tall_door":7,"yuushya:uncovered_shelf":7,"yuushya:half_side_slab_pale_bricks_1":5,"yuushya:tall_grass":2,"yuushya:showblock":1,"yuushya:painting_0":6,"yuushya:a_birch_blindwall":25,"yuushya:detergent":4,"yuushya:micro_pos_trans_item":9,"yuushya:mounted_clothes_4":1,"minecraft:water_bucket":8,"yuushya:closet_handle_right":2,"yuushya:exit_sign":2,"yuushya:cat_lover_gift_box":1,"yuushya:hanzi_banner_5":1,"minecraft:lodestone":3,"yuushya:cut_tile":1,"yuushya:b_jungle_blindwall":28,"yuushya:fish_tank_a_bottom":10,"yuushya:iron_hollow_stairs_1":20,"yuushya:hay_table":4,"yuushya:scale_trans_item":49,"yuushya:voltage_transformer":2,"yuushya:marble_cobblestone":8,"yuushya:evergreen":5,"yuushya:platform_white_concrete":7,"yuushya:hanging_azure_bluet":2,"yuushya:goods_shelf_wine":4,"yuushya:glasses":2,"yuushya:sign_8":1,"yuushya:pos_trans_item":815,"yuushya:hanging_plant_pot_hook":1,"yuushya:air_conditioning_condenser":32,"yuushya:fluorescent_lamp":4,"yuushya:marble_bricks_1":98,"minecraft:crafting_table":2,"yuushya:mounted_fern_pot_white_concrete":3,"yuushya:potted_allium":1,"yuushya:raw_jungle_drawer":5,"yuushya:truck_head_blue":3,"yuushya:retaining_wall_top_corner":3,"yuushya:apple":1,"yuushya:painting_7":1,"yuushya:seasoning_box":3,"yuushya:retaining_wall_corner":15,"yuushya:truck_chassis_front":3,"yuushya:tall_iron_fence_stairs_sym":11,"yuushya:retaining_wall_top":20,"yuushya:stairs_smooth_sandtile":64,"yuushya:tall_iron_fence_right":32,"yuushya:oak_windows_1":1,"yuushya:tall_iron_fence_stairs":4,"yuushya:potted_bush":12,"yuushya:wire":61,"yuushya:mounted_pipe_vertical":7,"yuushya:b_birch_blindwall":10,"yuushya:b_bamboo_blindwall":74,"yuushya:bookshelf_white_concrete":1,"yuushya:half_slab_pale_bricks_1":1,"yuushya:drain":11,"yuushya:dumbbell":1,"yuushya:easel_with_canvas":1,"yuushya:shelf":9,"yuushya:truck_wheel":1,"yuushya:sticky_note":11,"yuushya:books":3,"yuushya:hanger_rod_anchor":3,"yuushya:roof_2":161,"yuushya:yellow_curtain":5,"yuushya:post_smooth_stonetile":6,"yuushya:tissue_":9,"yuushya:oak_windows_diagonal":15,"yuushya:white_blooming_oak_tree":3,"yuushya:laptop":1,"yuushya:soda":6,"yuushya:jack":31,"yuushya:raw_birch_drawer":8,"yuushya:sink_":5,"yuushya:half_side_slab":22,"yuushya:frame_bottom_light_gray_concrete":80,"yuushya:truck_chassis_basic":17,"yuushya:orange_cat":2,"yuushya:desk_lamp_0":10,"yuushya:clock":1,"minecraft:smooth_stone":1,"yuushya:potted_bamboo":5,"yuushya:egg_cobblestone":5,"yuushya:shelf_white_concrete":1,"yuushya:pink_blooming_oak_tree":2,"yuushya:hanging_oak_sprout":3,"yuushya:framed_bricks":39,"yuushya:slot_trans_item":1},"minecraft:custom":{"minecraft:interact_with_crafting_table":9,"minecraft:leave_game":14,"minecraft:time_since_death":628173,"minecraft:sprint_one_cm":547548,"minecraft:drop":11,"minecraft:play_time":628173,"minecraft:jump":3944,"minecraft:walk_on_water_one_cm":1717,"minecraft:crouch_one_cm":9630,"minecraft:interact_with_anvil":3,"minecraft:walk_one_cm":416059,"minecraft:sneak_time":13492,"minecraft:total_world_time":733277,"minecraft:time_since_rest":628173,"minecraft:fly_one_cm":6710825,"minecraft:open_chest":5},"minecraft:mined":{"yuushya:couch_pink_wool":1},"minecraft:dropped":{"minecraft:compass":379,"minecraft:lodestone":1,"minecraft:smooth_stone":1,"yuushya:potted_sunflower":64,"yuushya:asphalt":1},"minecraft:picked_up":{"yuushya:birch_tall_door":2,"yuushya:acacia_tall_door":2,"yuushya:potted_sunflower":64,"yuushya:couch_pink_wool":1}},"DataVersion":2975}