{"stats":{"minecraft:dropped":{"yuushya:fluorescent_lamp":64,"yuushya:wore_stone":1,"yuushya:marble_bricks_1":1,"yuushya:soot_pipe":1,"yuushya:pale_bricks_0":1,"yuushya:pale_bricks_1":1,"minecraft:dirt":1,"minecraft:gray_concrete":1,"yuushya:rot_trans_item":1,"yuushya:fan_head":1,"yuushya:the_encyclopedia":16,"minecraft:bone_meal":1,"yuushya:average_table":1,"minecraft:lever":1,"minecraft:birch_sapling":1,"yuushya:medium_table":1,"yuushya:lesser_fallen_leaves":64,"yuushya:mounted_fern_pot":1,"yuushya:globe":1,"minecraft:coal_ore":1,"yuushya:goth_lantern":64,"yuushya:half_slab_pale_bricks_1":1,"yuushya:couch_decorative_brown_wool":1,"yuushya:recycle_bin_2":1,"minecraft:enchanted_book":1,"yuushya:head_bucket":1,"yuushya:pipe_corner_bottom_right":1,"yuushya:handrail_middle_red_concrete":1,"minecraft:book":1,"yuushya:gray_windows_2":1,"minecraft:pufferfish":1,"yuushya:sign_19":1,"minecraft:wooden_axe":5,"minecraft:potion":2,"yuushya:half_slab":1,"minecraft:smooth_stone_slab":1,"yuushya:pipe_horizontal":1,"yuushya:soot_pipe_top":1,"yuushya:cream_worn_concrete":2,"yuushya:white_worn_concrete":2,"yuushya:half_side_slab_bricks":1,"yuushya:half_slab_light_gray_concrete":1,"yuushya:grown_wheat":1,"yuushya:horizontal_utility_pole":64,"yuushya:christmas_hat":1,"yuushya:iron_hollow_stairs_1":1,"yuushya:slab_light_gray_concrete":2,"yuushya:pipe_corner_top_right":1,"yuushya:mounted_pipe_vertical":1,"yuushya:park_tile":1,"yuushya:column_stone":2,"minecraft:birch_trapdoor":64,"yuushya:bar_stool":1,"yuushya:mink_worn_concrete":2,"yuushya:street_light":66,"yuushya:reinforced_concrete":1,"yuushya:couch":1,"minecraft:grass_block":9,"yuushya:road_fence":64,"yuushya:slippers":1,"yuushya:sign_4":64,"yuushya:pale_tile_ridge_upper":1,"yuushya:birch_tall_door":64,"yuushya:big_table":1,"yuushya:steel_structure":1,"yuushya:sign_15":64,"yuushya:lower_grass":128,"yuushya:dark_tile_with_ridge_lower":1,"yuushya:mounted_pipe_horizontal":1,"yuushya:album":64},"minecraft:used":{"yuushya:half_side_slab_bricks":17,"yuushya:pipe_corner_top_left":21,"yuushya:package_1":49,"yuushya:raw_dark_oak_table":23,"yuushya:horizontal_post_red_concrete":1,"yuushya:traffic_sign_9":3,"yuushya:handrail_right":12,"yuushya:spiral_razor_wire":57,"yuushya:traffic_sign_8":1,"yuushya:painting_11":5,"minecraft:writable_book":2,"yuushya:bench_raw_acacia_wood":6,"yuushya:hanger_rod_rail":24,"yuushya:fence_corner":5,"yuushya:white_worn_concrete":1664,"yuushya:a_light_gray_blindwall":1118,"yuushya:calendar":12,"minecraft:spruce_slab":39,"yuushya:embbed_stone_bricks":26,"yuushya:pale_tile_upper":3,"yuushya:traffic_sign_7":1,"yuushya:traffic_sign_6":3,"yuushya:switch_":4,"yuushya:side_slab_orange_concrete":1,"minecraft:chest":3,"yuushya:side_slab_white_concrete":3,"yuushya:small_title_blue":1,"yuushya:painting_10":5,"yuushya:blue_tile_lower":76,"yuushya:acacia_tall_door":22,"minecraft:stone":237,"yuushya:fan":1,"yuushya:stairs_smooth_stonetile":150,"yuushya:a_light_blue_blindwall":16,"yuushya:sign_26":26,"yuushya:sign_0":5,"yuushya:cereal_box":3,"yuushya:stairs_thick_fallen_leaves":7,"yuushya:wheel":19,"yuushya:bench":9,"yuushya:oak_tall_door":3,"yuushya:half_slab_light_gray_concrete":76,"yuushya:horizontal_post":1,"yuushya:basket":23,"yuushya:get_showblock_item":318,"yuushya:average_white_blooming_leaves":123,"minecraft:cut_copper":3,"yuushya:oriental_lantern":36,"yuushya:raw_acacia_table":79,"minecraft:brick_slab":26,"yuushya:white_windows_deviated_1":27,"yuushya:sign_28":74,"yuushya:drainage_channel_":128,"yuushya:sign_24":26,"yuushya:slab_pale_bricks_0":14,"yuushya:carpet_15":2,"yuushya:radish":1,"yuushya:decoration_bookshelf_raw_jungle_wood":14,"yuushya:black_windows_1":151,"yuushya:title_white":18,"yuushya:sign_22":19,"yuushya:fireflies":10,"yuushya:album":12,"yuushya:white_windows_diagonal":64,"yuushya:vine":185,"yuushya:oak_windows_0":78,"yuushya:carpet_13":28,"yuushya:truck_head_dark":1,"yuushya:soot_pipe":104,"yuushya:handrail_middle":6,"minecraft:red_wool":12,"yuushya:soot_pipe_exhaust":3,"yuushya:mounted_fern_pot_raw_acacia_wood":25,"yuushya:b_acacia_blindwall":33,"yuushya:road_marking_2":4,"minecraft:music_disc_pigstep":3,"yuushya:bicycle_yellow_concrete":3,"minecraft:black_stained_glass_pane":87,"yuushya:truck_chassis_wheel":25,"minecraft:grass_block":1062,"yuushya:board":8,"yuushya:potted_sapling":31,"yuushya:goods_shelf_potatochip":38,"yuushya:sign_6":21,"yuushya:gray_tile_ridge_upper":84,"yuushya:decorative_green_wool":4,"yuushya:sign_1":17,"yuushya:embbed_marble_bricks":62,"yuushya:sign_5":32,"yuushya:black_windows_corner_0":12,"yuushya:potted_cactus":10,"yuushya:sign_2":16,"yuushya:washing_machine_sym":30,"yuushya:generator":2,"yuushya:stone_pier":109,"yuushya:ridge":38,"yuushya:falling_maple_spawner":10,"yuushya:handrail_left":3,"minecraft:stone_brick_stairs":61,"yuushya:ashtray":7,"yuushya:b_cyan_blindwall":92,"yuushya:average_fallen_leaves":3,"yuushya:ventilator_outer_part":15,"yuushya:cyan_windows_open_1":5,"yuushya:packed_apple":3,"yuushya:monitor_with_tablet":5,"yuushya:grown_wheat":2,"yuushya:electric_steamer":17,"yuushya:small_poster_0":62,"yuushya:marble_bricks_0":319,"yuushya:truck_wheel_":8,"yuushya:fish_tank_b_top":25,"yuushya:truck_wheels":10,"yuushya:empty_goods_shelf_hook":9,"yuushya:road_marking_7":54,"yuushya:round_clock":2,"yuushya:carpet_10":1,"yuushya:raw_oak_drawer":10,"yuushya:average_gold_blooming_leaves":13,"yuushya:mounted_tv_online":11,"yuushya:potted_white_tulip":1,"yuushya:switch":2,"yuushya:carpet_14":21,"yuushya:rusty_ventilator_outer_part":16,"yuushya:stairs_pale_bricks_2":87,"yuushya:sign_25":17,"yuushya:mounted_oak_sprout":37,"yuushya:gray_tile_lower":2,"yuushya:black_windows_0":131,"yuushya:yellow_acrylic":19,"yuushya:small_soda":2,"yuushya:magazine_shelf":15,"yuushya:cream_worn_concrete":550,"yuushya:sign_21":15,"yuushya:potted_lycoris":23,"yuushya:post":14,"yuushya:pressure_cooker":3,"yuushya:couch":25,"minecraft:mossy_stone_bricks":52,"yuushya:flower_painting":16,"yuushya:vinyl_record_red":3,"yuushya:frame_top_light_gray_concrete":90,"yuushya:empty_goods_shelf":19,"yuushya:straw_mat_b":61,"yuushya:light_gray_acrylic":28,"yuushya:column_stone":80,"yuushya:a_acacia_blindwall":24,"minecraft:brick_wall":12,"minecraft:stripped_birch_log":5,"yuushya:electric_motorcycle":10,"yuushya:light_gray_worn_concrete":2176,"yuushya:cyan_windows_1":44,"yuushya:potted_jungle_sprout":22,"yuushya:a_oak_blindwall":58,"minecraft:red_stained_glass":13,"yuushya:lengthened_rain_shed":15,"yuushya:stairs_raw_acacia_wood":32,"yuushya:straw_mat_a":50,"yuushya:potted_pink_tulip":4,"yuushya:half_side_slab_light_gray_concrete":52,"yuushya:move_transformdata_item":27,"yuushya:orange_tile_with_ridge_upper":20,"yuushya:gray_windows_2":89,"yuushya:half_side_slab_embbed_pale_bricks":3,"yuushya:pigment_bucket":14,"yuushya:traffic_lights_4":2,"yuushya:grass":262,"yuushya:jungle_tall_door":15,"yuushya:traffic_lights_3":3,"minecraft:oak_leaves":11,"yuushya:decoration_bookshelf":33,"yuushya:frame_left_light_gray_concrete":11,"yuushya:small_vine":44,"yuushya:slab_smooth_sandtile":99,"yuushya:market_block_mixed":10,"minecraft:dark_oak_trapdoor":1,"yuushya:orange_tile_outer_corner_upper":3,"yuushya:hollow_stairs_raw_acacia_wood":35,"yuushya:smoke_bricks":43,"yuushya:satellite_dish":9,"yuushya:small_poster_1":18,"yuushya:potted_orange_tulip":12,"yuushya:gas_tank":6,"yuushya:crash_barrel":22,"yuushya:centre_speaker":5,"yuushya:rot_trans_item":431,"yuushya:chalk_box":2,"yuushya:carpet_11":11,"yuushya:big_acacia_plank":4,"yuushya:side_slab_pale_bricks_2":8,"minecraft:gray_concrete":28,"yuushya:toilet":2,"yuushya:fish_tank_a_middle":6,"minecraft:birch_fence":56,"yuushya:market_block_light_gray":44,"yuushya:pale_bricks_0":1169,"yuushya:inner_bed_7":3,"yuushya:tabby":7,"yuushya:oak_windows_corner_1":21,"yuushya:white_windows_0":227,"yuushya:white_windows_1":172,"yuushya:carpet_12":10,"yuushya:sign_4":47,"yuushya:black_windows_corner_1":6,"yuushya:mounted_pipe_horizontal":20,"yuushya:sign_3":2,"yuushya:blue_tile_ridge_lower":1,"yuushya:drainage_channel":12,"yuushya:oak_windows_corner_0":6,"yuushya:umbrella_orange":6,"yuushya:rusty_power_house":77,"yuushya:potted_tall_oak":34,"yuushya:tall_iron_fence_left":372,"yuushya:handrail_right_red_concrete":4,"yuushya:orange_tile_ridge_upper":95,"yuushya:packed_radish":3,"yuushya:display_cabinet":34,"yuushya:frame_left":3,"yuushya:horizontal_pole_gray_tile":9,"yuushya:street_light":46,"yuushya:stairs_marble_bricks_0":87,"yuushya:lime_framed_acrylic":14,"yuushya:stone_fence":15,"yuushya:small_title_black":1,"yuushya:potted_evergreen":35,"yuushya:big_table_raw_dark_oak_wood":5,"yuushya:goods_shelf_small_soft_drink":2,"yuushya:column_wore_stone":5,"yuushya:blackboard_eraser":6,"yuushya:air_conditioner_sym":14,"yuushya:dual_small_title_black":3,"yuushya:cone":7,"yuushya:snack":1,"yuushya:b_oak_blindwall":83,"minecraft:exposed_cut_copper":1,"yuushya:cyan_windows_2":88,"yuushya:ceiling_hanger_rod_anchor":7,"yuushya:modern_lamp_1":114,"yuushya:frame_top_black_concrete":2,"yuushya:glass_showcase":16,"yuushya:big_maple_leaves":14,"yuushya:water_stain_top":60,"yuushya:white_windows_deviated_0":15,"yuushya:sushi_set":5,"yuushya:potted_yuuca":10,"yuushya:raw_oak_wood":15,"yuushya:sorted_bottle":2,"yuushya:steel_structure_vertical":26,"yuushya:falling_oak_spawner":45,"yuushya:iron_ladder":47,"yuushya:square_brick":51,"yuushya:sign_23":30,"yuushya:hanged_cloth":8,"yuushya:embbed_pale_bricks":392,"yuushya:half_slab_smooth_stonetile":172,"yuushya:potted_azure_bluet":10,"yuushya:b_metal_blindwall_1":24,"yuushya:b_metal_blindwall_0":18,"yuushya:orange_tile_ridge_lower":7,"yuushya:empty_goods_shelf_double":49,"yuushya:sign_17":5,"minecraft:iron_bars":45,"yuushya:retaining_wall":64,"yuushya:sign_19":10,"yuushya:modern_lamp_0":4,"yuushya:yellow_worn_concrete":212,"yuushya:bucket":3,"yuushya:rain_shed_2":26,"yuushya:rain_shed_0":36,"minecraft:red_concrete":6,"yuushya:iron_burglar_mesh":67,"yuushya:goods_shelf_plate":16,"yuushya:scroll_door_0":47,"yuushya:cyan_acrylic":12,"yuushya:uncovered_package":23,"yuushya:potted_blue_orchid":8,"yuushya:blackboard":65,"yuushya:gray_tile_upper":3,"minecraft:tinted_glass":79,"yuushya:closet_handle_left":4,"yuushya:iron_ladder_top":7,"yuushya:recycle_bin_5":10,"yuushya:recycle_bin_3":8,"yuushya:recycle_bin_1":29,"yuushya:lower_grass":29,"yuushya:car_yellow_part_a":4,"yuushya:goods_shelf_jam":35,"yuushya:big_sakura":7,"yuushya:a_spruce_blindwall":2,"yuushya:ceiling_fan":9,"minecraft:structure_block":19,"yuushya:pedestrian_crossing_forward_line":19,"yuushya:light_blue_framed_acrylic":88,"minecraft:torch":2,"yuushya:car_blue_part_a":2,"yuushya:seat_raw_oak_wood":11,"yuushya:mop_bucket":22,"yuushya:hanger_rod":14,"yuushya:columned_sandstone_b":32,"yuushya:park_stool":3,"yuushya:lengthened_rain_shed_cyan_wool":46,"yuushya:sign_15":21,"yuushya:sign_13":47,"yuushya:bookshelf":53,"yuushya:shelf_raw_acacia_wood":11,"minecraft:anvil":4,"yuushya:post_marble_bricks_0":6,"yuushya:ventilator":24,"yuushya:cyan_windows_corner_0":12,"yuushya:a_jungle_blindwall":76,"yuushya:horizontal_utility_pole":40,"yuushya:white_concrete_top":1,"yuushya:oak_windows_deviated_0":2,"yuushya:white_windows_2":307,"yuushya:big_table":12,"yuushya:potted_tall_maple":14,"minecraft:jungle_trapdoor":1,"minecraft:glow_lichen":3,"yuushya:stone_with_dot":24,"yuushya:bottle":13,"minecraft:blue_concrete":16,"yuushya:half_side_slab_pale_bricks_0":2,"yuushya:ceiling_vine":7,"yuushya:clock_raw_oak_wood":7,"yuushya:half_side_slab_pale_bricks_2":93,"yuushya:paper_cup":2,"yuushya:slab_mossy_bricks":3,"yuushya:rusty_air_conditioning_condenser":25,"yuushya:b_spruce_blindwall":4,"yuushya:pipe_horizontal":35,"yuushya:a_dark_oak_blindwall":49,"yuushya:gray_tile":69,"yuushya:painting_9":2,"yuushya:sign_10":5,"yuushya:half_slab_pale_bricks_0":25,"yuushya:car_red_part_a":5,"yuushya:gas_stove_block":24,"yuushya:electrician_gift_box":1,"yuushya:oak_foldable_table":73,"yuushya:deployed_utility_service_drop":61,"yuushya:floor_fan_":8,"yuushya:mounted_maple_sprout":15,"minecraft:brick_stairs":2,"yuushya:a_white_blindwall":240,"yuushya:a_cyan_blindwall":239,"yuushya:dark_square_bricks":16,"yuushya:bed_frame_2":7,"yuushya:mini_banner_1":7,"yuushya:oak_framed_raw_wood_a":12,"yuushya:cereal_1":1,"yuushya:ramp_2":12,"yuushya:bicycle_stop":57,"yuushya:completely_broken_list":285,"yuushya:gray_windows_0":119,"yuushya:british_shorthair":8,"yuushya:raw_birch_vertical_drawer":2,"minecraft:smooth_quartz":3,"yuushya:plate_shelf":8,"yuushya:frame_right":8,"yuushya:round_clock_raw_jungle_wood":19,"yuushya:potted_sunflower":31,"yuushya:classroom_desk":40,"yuushya:rain_shed_6":58,"yuushya:horizontal_pole":5,"yuushya:blender":7,"yuushya:steel_structure_big_horizontal":20,"minecraft:glowstone":4,"yuushya:blue_tile_upper":65,"yuushya:mounted_blackboard_eraser":3,"yuushya:air_conditioner_floor":1,"yuushya:half_slab_marble_bricks_1":15,"minecraft:iron_trapdoor":12,"yuushya:carpet_5":11,"yuushya:grille_1":49,"yuushya:truck_chassis_outer":157,"minecraft:podzol":7,"yuushya:pale_bricks_2":193,"yuushya:horizontal_column":25,"yuushya:mop":18,"yuushya:pipe_corner_top_right":45,"yuushya:floor_fan":3,"yuushya:cyan_windows_deviated_0":8,"yuushya:bar_stool_raw_dark_oak_wood":1,"yuushya:painting_0":3,"yuushya:half_slab_wore_metal":56,"yuushya:micro_pos_trans_item":48,"yuushya:side_slab_marble_bricks_1":1,"minecraft:water_bucket":11,"yuushya:umbrella_blue":6,"yuushya:closet_handle_right":5,"yuushya:hanzi_banner_5":10,"yuushya:gray_tile_ridge_lower":8,"yuushya:vending_machine_blue_h":2,"yuushya:cat_lover_gift_box":9,"yuushya:exit_sign":6,"yuushya:top_reinforced_concrete":402,"minecraft:birch_planks":35,"yuushya:tv_online":5,"yuushya:cyan_windows_0":30,"yuushya:b_jungle_blindwall":51,"yuushya:get_lit_item":40,"yuushya:goods_shelf_shampoo":12,"yuushya:raw_acacia_vertical_drawer":10,"yuushya:mounted_fern":30,"yuushya:traffic_sign_16":9,"yuushya:fish_tank_a_bottom":30,"yuushya:iron_hollow_stairs_1":186,"yuushya:hay_table":16,"minecraft:cauldron":1,"yuushya:dual_small_title_gray":8,"yuushya:dark_tile_upper":136,"yuushya:raw_spruce_vertical_drawer":11,"yuushya:casserole_0":3,"yuushya:marble_cobblestone":364,"yuushya:platform_white_concrete":13,"yuushya:hanging_azure_bluet":16,"yuushya:tv":2,"yuushya:goods_shelf_wine":35,"yuushya:cyan_windows_open_0":4,"minecraft:cracked_stone_bricks":15,"yuushya:sign_8":10,"yuushya:car_white_part_a":2,"yuushya:terracotta_cobblestone":32,"yuushya:mounted_fern_pot":21,"yuushya:classroom_chair":58,"yuushya:idol_gift_box":4,"yuushya:air_conditioning_condenser":261,"yuushya:marble_bricks_1":434,"yuushya:orange_tile_lower":94,"minecraft:crafting_table":3,"minecraft:tnt":6,"yuushya:mounted_fern_pot_white_concrete":10,"yuushya:cart":8,"yuushya:glass_rainshed":90,"yuushya:apple":8,"yuushya:painting_7":14,"yuushya:ramp_marking_yellow_4":6,"yuushya:painting_5":4,"yuushya:familymart_acrylic_bottom":29,"yuushya:truck_chassis_front":6,"yuushya:pink_tulip":7,"yuushya:tiles_fix_lower":17,"yuushya:yellow_framed_acrylic":61,"yuushya:venetian_blinds":20,"yuushya:bed_frame_0":4,"yuushya:stairs_smooth_sandtile":235,"yuushya:yellow_blooming_oak_tree":4,"minecraft:light":32,"yuushya:oak_windows_1":150,"yuushya:bottle_container_raw_oak_wood":9,"yuushya:potted_bush":27,"yuushya:trunk_1":2,"yuushya:orange_tile_with_ridge_lower":8,"yuushya:leaning_ladder":5,"yuushya:mounted_pipe_vertical":97,"yuushya:quartz_acrylic":64,"yuushya:b_birch_blindwall":6,"yuushya:gold_tulip":3,"yuushya:road_marking_1":67,"yuushya:bookshelf_white_concrete":3,"yuushya:drain":80,"yuushya:side_slab_raw_jungle_wood":43,"yuushya:shelf":31,"yuushya:handrail_left_red_concrete":4,"yuushya:truck_wheel":8,"yuushya:carpenter_gift_box":1,"yuushya:hanger_rod_anchor":17,"yuushya:mounted_utility_service_drop":41,"minecraft:chiseled_stone_bricks":14,"yuushya:white_blooming_oak_tree":4,"yuushya:b_dark_oak_blindwall":34,"yuushya:umbrella_red":2,"yuushya:goods_shelf_milk":32,"minecraft:cobblestone":158,"minecraft:potion":2,"yuushya:oak_windows_diagonal":59,"yuushya:frame_bottom_light_gray_concrete":115,"yuushya:carpet_3":15,"yuushya:oak_windows_open_1":7,"yuushya:rain_shed_4":24,"yuushya:jungle_table":13,"yuushya:truck_chassis_basic":166,"yuushya:clock_raw_birch_wood":2,"yuushya:half_carved_retaining_wall_0":10,"yuushya:desk_lamp_0":4,"yuushya:stairs_pale_bricks_0":56,"yuushya:clock":8,"yuushya:raw_jungle_wood":178,"minecraft:kelp":151,"yuushya:handrail_middle_red_concrete":23,"yuushya:hanzi_banner_14":1,"yuushya:pink_blooming_oak_tree":3,"minecraft:jukebox":2,"yuushya:porcelain_vase":10,"yuushya:goods_shelf_snack":7,"yuushya:black_windows_2":48,"yuushya:framed_bricks":545,"yuushya:slot_trans_item":2,"yuushya:hollow_stairs_light_gray_concrete":116,"yuushya:decorative_shelf":1,"yuushya:gray_windows_open_1":2,"yuushya:utility_pole":181,"yuushya:tatami":12,"yuushya:potted_fern":12,"yuushya:smooth_dark_stonetile":24,"yuushya:stone_handrail_middle":3,"yuushya:a_yellow_blindwall":20,"yuushya:seat":5,"yuushya:goods_shelf_chopping_board":4,"yuushya:goods_shelf_candy":3,"yuushya:red_windows_corner_1":8,"yuushya:fire_hydrant":11,"yuushya:shelf_raw_jungle_wood":4,"yuushya:black_cat":13,"yuushya:side_slab_blue_metal":15,"yuushya:gold_vase":8,"yuushya:red_windows_corner_0":4,"yuushya:big_oak_plank":34,"yuushya:ice_cream_cup":23,"yuushya:roof_3":87,"yuushya:goods_shelf_boxes":2,"minecraft:stripped_jungle_wood":161,"yuushya:fire_extinguisher":2,"yuushya:pipe_vertical":148,"yuushya:fan_":2,"yuushya:decorative_red_wool":14,"minecraft:grass":7,"yuushya:ceiling_vine_flowering":4,"yuushya:lengthened_rain_shed_8":41,"yuushya:paste":16,"yuushya:high_poster":14,"yuushya:small_title_orange":1,"yuushya:cushion_armchair_decorative_light_blue_wool":14,"yuushya:stone_handrail_right":10,"yuushya:cook_gift_box":3,"yuushya:a_gray_blindwall":90,"yuushya:average_oak_leaves":86,"yuushya:lengthened_rain_shed_6":29,"yuushya:platform_gray_concrete":6,"yuushya:road_light":12,"yuushya:park_tile":982,"yuushya:embbed_magenta_pale_bricks":105,"minecraft:jungle_planks":8,"yuushya:oxeye_daisy":2,"minecraft:deepslate_tile_slab":1,"yuushya:raw_jungle_table":76,"yuushya:half_carved_retaining_wall_1":8,"yuushya:piled_magazine":16,"yuushya:kitchen_stuff_0":4,"yuushya:hanging_maple_sprout":13,"yuushya:dark_tile_ridge_upper":109,"yuushya:vinyl_record_cyan":4,"yuushya:market_block_brown":7,"yuushya:mink_worn_concrete":527,"yuushya:bicycle":18,"yuushya:tree_base":68,"yuushya:red_acrylic":4,"yuushya:lengthened_rain_shed_0":89,"yuushya:lengthened_rain_shed_2":35,"yuushya:dark_tile_outer_corner_upper":9,"yuushya:easel":5,"yuushya:burglar_mesh":33,"minecraft:glass":4,"yuushya:half_slab_smooth_sandtile":4,"yuushya:coconut":8,"yuushya:steel_pot":7,"minecraft:bricks":626,"minecraft:coal_ore":2,"yuushya:column_smooth_stonetile":17,"yuushya:clothes_showcase":56,"yuushya:frame_bottom_black_concrete":2,"yuushya:potted_cornflower":16,"yuushya:a_blue_blindwall":6,"yuushya:macchiato":5,"minecraft:lantern":42,"yuushya:top_vine":37,"yuushya:familymart_acrylic_top":47,"yuushya:chocolate_milk":7,"yuushya:pc_case":8,"yuushya:b_red_blindwall":23,"yuushya:plate":2,"yuushya:platform":35,"yuushya:food_gift_box":4,"yuushya:checkout_computer":30,"yuushya:hollow_stairs":79,"yuushya:frame_top":15,"yuushya:iron_fence":187,"yuushya:tissue":12,"yuushya:truck_head_white":1,"yuushya:sideway_road_fence":66,"minecraft:stone_bricks":108,"yuushya:mounted_album":19,"yuushya:ramp_marking_yellow_3":9,"yuushya:vinyl_record_player":14,"yuushya:decorated_refrigerator":12,"yuushya:debug_stick_item":10,"yuushya:hanzi_banner_7":7,"yuushya:potted_maple_sprout":5,"yuushya:vinyl_record_yellow":1,"minecraft:written_book":11,"yuushya:bottles":10,"minecraft:scaffolding":1,"yuushya:air_conditioner":10,"yuushya:get_blockstate_item":55,"yuushya:hanged_things":13,"yuushya:sorted_mug":2,"yuushya:potted_oak_sprout":4,"yuushya:tanghulu":3,"yuushya:mailbox":14,"yuushya:lengthened_rain_shed_7":4,"yuushya:asphalt":682,"yuushya:ragdoll":7,"yuushya:side_slab_light_gray_concrete":435,"yuushya:form_trans_item":486,"yuushya:market_block_green":6,"yuushya:white_cat":3,"yuushya:potted_sakura_sprout":4,"yuushya:pale_tile_ridge_upper":78,"yuushya:broken_list":172,"yuushya:fish_tank_b_bottom":29,"yuushya:couch_decorative_brown_wool":20,"yuushya:marble":1,"yuushya:unboxed_package":33,"yuushya:vending_machine_blue_v":9,"yuushya:raw_dark_oak_wood":19,"yuushya:bar_stool":20,"yuushya:japanese_wall":9,"yuushya:decorative_lime_wool":12,"yuushya:mirror":2,"yuushya:old_tv":7,"yuushya:iron_hollow_stairs_0":6,"yuushya:jellie":11,"yuushya:pingpong_paddle_with_ball":3,"yuushya:slab":166,"yuushya:hanzi_banner_2":6,"yuushya:power_house":26,"yuushya:steel_structure":16,"yuushya:hanzi_banner_3":4,"yuushya:orange_tile_upper":91,"yuushya:half_slab":198,"yuushya:sink":12,"yuushya:pingpong_paddles":6,"yuushya:raw_spruce_table":109,"yuushya:red_windows_1":80,"yuushya:croissant":4,"yuushya:menu":44,"yuushya:raw_oak_table":35,"yuushya:carpet_0":1,"yuushya:colorful_acrylic":48,"yuushya:packed_green_apple":4,"yuushya:red_windows_2":16,"yuushya:mounted_sakura_sprout":14,"yuushya:ridge_red_concrete":3,"yuushya:traffic_sign_12":1,"yuushya:raw_mangrove_wood":2,"minecraft:oak_planks":4,"yuushya:dark_tile_with_ridge_upper":17,"yuushya:smooth_sandtile":628,"yuushya:mounted_clothes_1":15,"yuushya:mounted_clothes_2":2,"yuushya:dark_tile_ridge_lower":46,"yuushya:blue_curtain":34,"yuushya:gaming_chair":13,"yuushya:large_vine":469,"yuushya:road_fence":22,"yuushya:half_carved_retaining_wall_top_0":27,"yuushya:tiles_fix_upper":10,"yuushya:rusty_bucket":16,"yuushya:empty_goods_shelf_hook_base":103,"yuushya:ridge_light_gray_concrete":18,"yuushya:ramp_5":21,"yuushya:traffic_sign_10":4,"yuushya:hanzi_banner_8":2,"yuushya:roof_ridge_2":89,"yuushya:hanzi_banner_11":13,"yuushya:traffic_sign_18":4,"minecraft:white_wool":16,"yuushya:foldable_ladder":10,"yuushya:cereal_2":3,"yuushya:ramp_marking_yellow_2":5,"yuushya:unlocked_safe":6,"yuushya:soot_pipe_top_corner":3,"yuushya:water_stain_bottom":77,"yuushya:handrail_left_light_gray_concrete":4,"yuushya:horizontal_column_light_gray_concrete":16,"yuushya:strawberry_milk":7,"yuushya:market_block_red":8,"yuushya:b_yellow_blindwall":63,"minecraft:light_blue_concrete":5,"yuushya:carpet_6":12,"yuushya:hot_pot_":5,"yuushya:calico":6,"yuushya:hanzi_banner_0":31,"yuushya:dark_tile_lower":119,"yuushya:side_slab":82,"yuushya:warning_sign":5,"yuushya:frying_pan":1,"yuushya:stick_pale_bricks_1":3,"yuushya:dual_small_title_white":2,"minecraft:yellow_concrete":32,"yuushya:truck_chassis_end":5,"yuushya:dark_oak_tall_door":12,"yuushya:digital_payment":4,"yuushya:microwaver":4,"yuushya:white_acrylic":47,"yuushya:painting_1":5,"minecraft:stone_brick_wall":87,"yuushya:mug":1,"yuushya:raw_acacia_wood":43,"yuushya:black_acrylic":17,"yuushya:oak_framed_planks":5,"yuushya:carpet_8":5,"yuushya:truck_head_red":4,"yuushya:shampoo":3,"minecraft:lever":4,"yuushya:gray_wall":262,"yuushya:slab_light_gray_concrete":45,"yuushya:hanging_pink_tulip":8,"minecraft:birch_fence_gate":13,"yuushya:carpet_7":3,"yuushya:mounted_clothes_13":1,"yuushya:cluster_maple_leaves":24,"minecraft:light_gray_concrete":803,"yuushya:order_list":114,"yuushya:safe":15,"yuushya:power_distributor":16,"yuushya:soot_pipe_top":85,"minecraft:brown_stained_glass":9,"minecraft:barrier":10,"yuushya:stairs_lesser_fallen_leaves":27,"yuushya:fish_tank_a_top":24,"yuushya:gardener_gift_box":2,"yuushya:board_yellow_concrete":15,"yuushya:red_tulip":10,"yuushya:cyan_windows_diagonal":10,"yuushya:wore_stone":100,"yuushya:shopping_cart":76,"yuushya:sign_12":4,"yuushya:sign_11":35,"yuushya:horizontal_pole_black_concrete":5,"yuushya:stairs_average_fallen_leaves":8,"yuushya:long_poster":29,"yuushya:cart_raw_acacia_wood":5,"yuushya:hot_pot":2,"yuushya:ramp_4":12,"minecraft:gravel":5,"yuushya:red_framed_acrylic":142,"yuushya:goods_shelf_books":5,"yuushya:tall_iron_fence_middle_support":33,"yuushya:fern":167,"yuushya:cushion_armchair":20,"yuushya:decorative_black_wool":21,"yuushya:hanzi_banner_9":4,"yuushya:hanged_things_":8,"yuushya:oak_table":4,"yuushya:pipe_hub":9,"yuushya:goods_shelf_paste":49,"yuushya:traffic_sign_11":2,"yuushya:vinyl_record_white":4,"yuushya:red_windows_0":79,"minecraft:stripped_oak_wood":3,"yuushya:reinforced_concrete":620,"yuushya:carver_gift_box":1,"yuushya:hanzi_banner_1":9,"minecraft:andesite":8,"yuushya:dual_small_title_blue":3,"yuushya:steel_structure_horizontal":23,"yuushya:goth_lantern":23,"minecraft:chain":72,"yuushya:beverage_drawer":11,"yuushya:hanging_plant_pot_rope":41,"yuushya:fence":6,"yuushya:hanging_blue_tulip":1,"yuushya:ramp_marking_yellow_1":6,"minecraft:smooth_stone_slab":433,"yuushya:sorted_magazine":5,"yuushya:goods_shelf_frying_pan":7,"minecraft:white_concrete":120,"yuushya:smooth_stonetile":1189,"yuushya:hanzi_banner_10":4,"yuushya:stairs_park_tile":9,"yuushya:wheel_":5,"yuushya:lengthened_rain_shed_1":5,"minecraft:cobweb":21,"yuushya:slippers":3,"yuushya:sign_18":4,"yuushya:gray_windows_deviated_0":4,"yuushya:recycle_bin_4":12,"yuushya:bicycle_light_gray_concrete":2,"yuushya:white_curtain":18,"yuushya:goods_shelf_mug":8,"yuushya:b_white_blindwall":187,"yuushya:freezer_":1,"yuushya:hollow_stairs_yellow_concrete":8,"yuushya:milk_tea":7,"yuushya:b_gray_blindwall":37,"yuushya:oak_tree":98,"yuushya:pale_tile_with_ridge_upper":1,"yuushya:rain_shed_3":34,"yuushya:rusty_ventilator":10,"yuushya:goods_shelf_glass":17,"yuushya:grille_2":3,"yuushya:rain_shed_1":13,"yuushya:iron_tall_door":25,"yuushya:ridge_white_concrete":16,"minecraft:pufferfish_spawn_egg":2,"yuushya:gas_stove":7,"yuushya:car_yellow_part_b":2,"yuushya:sign_16":2,"yuushya:recycle_bin_2":7,"yuushya:big_package":58,"minecraft:spruce_planks":93,"yuushya:large_magazine_shelf":17,"yuushya:stairs_light_gray_concrete":11,"yuushya:scroll_door_1":188,"yuushya:steel_structure_big_vertical":16,"minecraft:stripped_birch_wood":13,"yuushya:bicycle_lime_concrete":2,"yuushya:recycle_bin_0":17,"yuushya:goods_shelf_mini_boxes":20,"yuushya:pale_bricks_3":7,"yuushya:tall_iron_fence_middle":115,"yuushya:column_marble_bricks_0":5,"yuushya:column":45,"yuushya:rain_shed_5":5,"yuushya:fence_light_gray_concrete":12,"minecraft:dirt":183,"yuushya:modern_lamp_2":73,"yuushya:acacia_foldable_table":18,"yuushya:potted_sprout":44,"yuushya:branch_0":10,"yuushya:hanged_clothes":17,"yuushya:black_windows_diagonal":81,"yuushya:embbed_dark_bricks":78,"yuushya:grille_0":28,"yuushya:pale_tile_lower":9,"yuushya:side_slab_raw_acacia_wood":3,"yuushya:raw_oak_vertical_drawer":5,"yuushya:tanghulu_tree":6,"minecraft:cobblestone_wall":4,"yuushya:hanging_clothes_staff":49,"yuushya:handrail_right_raw_acacia_wood":2,"yuushya:pale_bricks_1":1075,"yuushya:chocolate_cake":4,"yuushya:b_green_blindwall":53,"yuushya:bookshelf_raw_jungle_wood":15,"yuushya:meshed_air_conditioning_condenser":98,"yuushya:black_framed_acrylic":124,"yuushya:b_light_gray_blindwall":752,"yuushya:raw_jungle_vertical_drawer":12,"yuushya:centre_speaker_sym":9,"yuushya:tatami_rotated":19,"minecraft:stone_brick_slab":13,"yuushya:bed_frame_1":1,"yuushya:carpet_9":14,"yuushya:pale_tile_ridge_lower":5,"yuushya:hanging_sakura_sprout":12,"yuushya:globe":5,"yuushya:bicycle_raw_warped_wood":3,"yuushya:half_hollow_retaining_wall_top_1":2,"yuushya:desk_lamp_1":6,"yuushya:blue_metal":193,"yuushya:butterfly_magenta":4,"yuushya:painting_8":6,"yuushya:gray_tile_with_ridge_lower":9,"yuushya:tall_safe":48,"yuushya:a_green_blindwall":15,"yuushya:stairs":162,"yuushya:sea_salt_tea":5,"yuushya:raw_spruce_drawer":8,"yuushya:bookshelf_raw_spruce_wood":3,"minecraft:smooth_sandstone":25,"yuushya:inner_bed_9":1,"yuushya:frame_bottom":10,"yuushya:orange_acrylic":16,"minecraft:acacia_slab":25,"yuushya:ramp_3":16,"yuushya:cluster_oak_leaves":137,"yuushya:mossy_bricks":76,"yuushya:hanging_red_tulip":1,"yuushya:potted_tall_sakura":20,"yuushya:knife_rest":2,"yuushya:bicycle_brown_concrete":2,"yuushya:car_blue_part_b":2,"yuushya:car_red_part_b":5,"yuushya:exit_sign_sym":17,"yuushya:orange_worn_concrete":44,"yuushya:b_light_blue_blindwall":17,"yuushya:platform_metal":80,"yuushya:medium_table_light_gray_concrete":2,"yuushya:sign_14":75,"yuushya:gray_windows_1":122,"yuushya:medium_table":4,"yuushya:column_white_concrete":12,"yuushya:painting_4":2,"yuushya:vending_machine_gray_v":5,"yuushya:dandelion":4,"yuushya:freezer":8,"yuushya:beverage_drawer_sym":10,"yuushya:vending_machine_red_h":14,"yuushya:decoration_bookshelf_white_concrete":2,"yuushya:birch_framed_raw_wood_a":2,"yuushya:light_blue_concrete_top":18,"minecraft:black_stained_glass":59,"yuushya:a_metal_blindwall_1":113,"yuushya:bicycle_blue_concrete":8,"yuushya:mini_banner_0":48,"yuushya:horizontal_column_pale_bricks_1":9,"yuushya:bread_with_egg":5,"yuushya:stone_table":2,"yuushya:seat_red_concrete":5,"yuushya:big_oak_leaves":223,"yuushya:painter_gift_box":3,"minecraft:lime_stained_glass":11,"yuushya:gray_windows_diagonal":14,"yuushya:lesser_fallen_leaves":26,"yuushya:columned_sandstone_a":57,"yuushya:half_slab_marble":42,"yuushya:pipe_corner_bottom_right":53,"yuushya:white_tulip":54,"yuushya:stairs_raw_jungle_wood":1,"yuushya:light_blue_acrylic":21,"yuushya:small_coffee":7,"yuushya:birch_tall_door":13,"minecraft:mossy_stone_brick_wall":17,"yuushya:ps4":9,"minecraft:orange_stained_glass_pane":3,"yuushya:uncovered_shelf":11,"yuushya:tall_grass":8,"yuushya:showblock":25,"yuushya:hanzi_banner_4":10,"yuushya:azure_bluet":39,"yuushya:detergent":9,"yuushya:soot_pipe_bottom":23,"yuushya:hollow_stairs_raw_jungle_wood":43,"yuushya:hanzi_banner_15":1,"yuushya:sandstone_acrylic":26,"yuushya:chair":34,"yuushya:side_slab_marble_bricks_0":14,"minecraft:lodestone":7,"yuushya:green_apple":1,"yuushya:thick_fallen_leaves":1,"yuushya:lime__concrete":323,"yuushya:half_carved_retaining_wall_top_1":5,"yuushya:cut_tile":18,"yuushya:hanzi_banner_6":6,"yuushya:washing_machine":24,"yuushya:traffic_sign_17":6,"yuushya:different_soda":1,"yuushya:sign_9":4,"yuushya:voltage_transformer":12,"yuushya:scale_trans_item":367,"yuushya:casserole_1":1,"minecraft:stonecutter":5,"yuushya:dark_oak_framed_planks":3,"yuushya:evergreen":53,"yuushya:cushion_armchair_market_block_red":12,"yuushya:post_gray_concrete":27,"yuushya:glasses":1,"yuushya:inner_bed_4":6,"yuushya:pos_trans_item":1893,"yuushya:hanging_plant_pot_hook":2,"yuushya:side_slab_pale_bricks_0":148,"yuushya:slab_raw_jungle_wood":6,"yuushya:average_pink_blooming_leaves":3,"yuushya:businessman_gift_box":3,"minecraft:terracotta":39,"yuushya:stick":9,"yuushya:light_gray_concrete_top":218,"yuushya:fluorescent_lamp":99,"yuushya:red_windows_diagonal":18,"yuushya:carpet_4":2,"yuushya:butterfly_blue":4,"yuushya:raw_jungle_drawer":52,"yuushya:blue_tile_ridge_upper":7,"yuushya:potted_allium":8,"yuushya:retaining_wall_top_corner":9,"yuushya:monitor":3,"yuushya:hanzi_banner_13":2,"yuushya:truck_head_blue":4,"yuushya:truck_head_yellow":4,"yuushya:stairs_pale_bricks_1":50,"yuushya:seasoning_box":1,"yuushya:b_orange_blindwall":1,"minecraft:painting":5,"yuushya:potted_flower_basket":20,"yuushya:retaining_wall_corner":11,"minecraft:smoker":1,"yuushya:venetian_blinds_raw_oak_wood":9,"yuushya:sign_20":12,"minecraft:cyan_stained_glass":20,"yuushya:big_poster":62,"yuushya:ramp_1":21,"yuushya:tall_iron_fence_stairs_sym":89,"yuushya:blooming_evergreen":5,"yuushya:retaining_wall_top":40,"minecraft:piston":5,"yuushya:blue_tile_with_ridge_upper":2,"yuushya:oak_windows_deviated_1":5,"yuushya:dark_tile_with_ridge_lower":40,"yuushya:tall_iron_fence_right":388,"yuushya:tall_iron_fence_stairs":94,"yuushya:raw_acacia_drawer":24,"yuushya:horizontal_column_raw_jungle_wood":8,"yuushya:soot_pipe_horizontal":60,"yuushya:goods_shelf_soft_drink":16,"yuushya:wire":374,"yuushya:oak_windows_2":78,"yuushya:frame_right_light_gray_concrete":9,"minecraft:stone_slab":1,"yuushya:dumbbell":3,"yuushya:easel_with_canvas":19,"yuushya:car_white_part_b":2,"yuushya:sign_7":15,"yuushya:mounted_bush":15,"yuushya:vending_machine_red_v":4,"yuushya:traffic_lights_0":1,"yuushya:siamese":4,"yuushya:books":8,"minecraft:yellow_wool":27,"yuushya:list":28,"yuushya:sticky_note":97,"yuushya:roof_2":73,"yuushya:yellow_curtain":29,"yuushya:hanging_peking_roast_duck":3,"yuushya:post_red_concrete":5,"yuushya:sink_":12,"yuushya:laptop":15,"yuushya:jack":38,"yuushya:wore_lime_wall":87,"yuushya:tissue_":4,"yuushya:half_side_slab":31,"yuushya:wore_metal":101,"yuushya:cyan_windows_corner_1":15,"minecraft:cyan_stained_glass_pane":6,"yuushya:black_windows_deviated_1":10,"yuushya:fossilized_cobblestone":23,"yuushya:painting_6":3,"yuushya:bar_stool_raw_acacia_wood":5,"yuushya:orange_cat":18,"yuushya:marble_table":30,"yuushya:a_red_blindwall":22,"yuushya:average_maple_leaves":15,"yuushya:ramp_marking_yellow_5":5,"yuushya:package_0":15,"yuushya:hanging_oak_sprout":21,"yuushya:egg_cobblestone":36,"yuushya:inner_bed_10":1,"yuushya:slab_white_concrete":186,"yuushya:sign_27":20,"yuushya:potted_bamboo":24,"minecraft:smooth_stone":126,"minecraft:splash_potion":1,"yuushya:pudding":6},"minecraft:custom":{"minecraft:interact_with_crafting_table":5,"minecraft:leave_game":117,"minecraft:time_since_death":1089818,"minecraft:play_time":7014445,"minecraft:deaths":1,"minecraft:jump":71056,"minecraft:play_record":3,"minecraft:damage_dealt":30,"minecraft:interact_with_anvil":6,"minecraft:sneak_time":106967,"minecraft:total_world_time":8550738,"minecraft:interact_with_stonecutter":4,"minecraft:time_since_rest":1090017,"minecraft:swim_one_cm":21608,"minecraft:fly_one_cm":94672545,"minecraft:open_chest":7,"minecraft:fall_one_cm":1747,"minecraft:sprint_one_cm":7731828,"minecraft:drop":93,"minecraft:walk_on_water_one_cm":135562,"minecraft:crouch_one_cm":51110,"minecraft:mob_kills":2,"minecraft:fill_cauldron":1,"minecraft:climb_one_cm":118,"minecraft:walk_one_cm":3180600,"minecraft:walk_under_water_one_cm":300539,"minecraft:damage_taken":340},"minecraft:killed":{"minecraft:tropical_fish":2},"minecraft:crafted":{"yuushya:stone_table":4},"minecraft:picked_up":{"minecraft:enchanted_book":1,"yuushya:birch_tall_door":7,"minecraft:pufferfish":2,"yuushya:sign_8":1,"yuushya:recycle_bin_2":1,"minecraft:acacia_log":3,"yuushya:head_bucket":1,"yuushya:lower_grass":64,"minecraft:tropical_fish":8,"minecraft:jungle_log":3,"yuushya:half_side_slab_bricks":1,"minecraft:lantern":9,"yuushya:acacia_tall_door":8,"yuushya:tabby":2,"yuushya:cream_worn_concrete":1,"yuushya:potted_tall_maple":3,"minecraft:birch_sapling":1,"yuushya:british_shorthair":1,"yuushya:pale_tile_ridge_upper":1,"yuushya:ragdoll":1,"yuushya:grown_wheat":1,"yuushya:checkout_computer":1,"minecraft:apple":14,"minecraft:kelp":24,"yuushya:white_worn_concrete":2,"yuushya:siamese":1,"yuushya:bismuth_crystal":1,"yuushya:iron_tall_door":12,"yuushya:sign_14":1,"yuushya:jellie":1,"yuushya:sign_10":1,"yuushya:potted_sapling":1,"minecraft:stick":15,"minecraft:music_disc_pigstep":3,"yuushya:potted_blue_orchid":1,"minecraft:cobblestone":14,"yuushya:calico":6,"yuushya:album":64,"minecraft:dirt":52,"minecraft:wheat_seeds":3,"minecraft:grass_block":2,"yuushya:sign_19":1,"yuushya:christmas_hat":2,"minecraft:bone_meal":1,"minecraft:golden_apple":6,"yuushya:potted_evergreen":1,"yuushya:long_poster":5,"minecraft:wooden_pickaxe":1,"yuushya:showblock":1,"yuushya:jungle_tall_door":9,"yuushya:dark_oak_tall_door":3,"yuushya:rot_trans_item":1,"yuushya:road_fence":64,"yuushya:potted_flower_basket":1,"yuushya:globe":1,"yuushya:sign_2":1,"minecraft:cooked_chicken":10,"yuushya:potted_sprout":1,"yuushya:potted_orange_tulip":1,"yuushya:potted_red_tulip":1,"yuushya:sign_9":1,"yuushya:goods_shelf_mug":1},"minecraft:mined":{"yuushya:food_gift_box":2,"yuushya:idol_gift_box":1,"yuushya:businessman_gift_box":1,"yuushya:showblock":1,"yuushya:gardener_gift_box":1,"yuushya:cat_lover_gift_box":1}},"DataVersion":2975}